2801,427
2812,427
2834,427
2914,427
3076,427
3078,427
3077,427
3079,427
3080,427
3081,427
3083,427
3084,427
3085,427
3086,427
3087,427
3088,427
3089,427
4172,427
6321,427
6322,427
6323,427
6324,427
6325,427
6326,427
6327,427
6370,427
6371,427
6372,427
6373,427
6374,427
6375,427
6376,427
6377,427
6378,427
6379,427
6380,427
6381,427
6382,427
6383,427
6384,427
6385,427
6386,427
6387,427
6388,427
6389,427
6699,427
6709,427
6711,427
6721,427
6722,427
6725,427
6726,427
6769,427
220,435
224,435
225,435
226,435
227,435
228,435
229,435
230,435
231,435
232,435
233,435
234,435
235,435
236,435
237,435
238,435
239,435
240,435
241,435
242,435
243,435
244,435
245,435
246,435
358,437
359,437
360,437
361,437
362,437
363,437
364,437
365,437
366,437
367,437
404,438
405,438
406,438
407,438
408,438
409,438
473,440
474,440
475,440
476,440
477,440
478,440
479,440
480,440
1239,447
1240,447
1241,447
1807,435
2229,435
2238,435
2296,435
2297,435
1,449
2,450
3,451
4,452
5,452
6,452
7,452
8,452
9,453
10,453
11,453
12,453
13,453
14,454
15,454
16,454
37,459
38,459
39,459
40,459
41,459
47,461
48,461
49,461
50,461
51,461
52,462
53,462
54,462
55,462
56,462
57,463
58,463
59,463
60,463
61,463
62,464
63,464
64,464
65,464
66,464
67,465
68,465
69,465
70,465
71,466
72,466
73,466
74,466
75,467
76,467
77,467
78,467
79,467
80,468
81,468
82,468
83,468
84,468
85,469
86,469
87,469
88,469
89,469
105,473
106,473
107,473
108,473
109,473
110,474
111,474
112,474
113,474
114,474
115,475
116,475
117,475
118,475
119,475
120,476
121,476
122,476
123,476
124,476
125,477
126,477
127,477
128,477
129,477
130,478
131,478
132,478
133,478
134,478
135,479
136,479
137,479
138,479
139,479
140,480
141,480
142,480
143,480
144,480
145,481
146,481
147,481
148,481
149,481
150,482
151,482
152,482
153,482
154,482
160,484
161,484
162,484
163,484
164,484
165,485
166,485
167,485
168,485
169,485
175,487
176,487
177,487
178,487
179,487
180,488
181,488
182,488
183,488
184,488
195,491
196,491
197,491
198,491
199,491
200,492
201,492
202,492
203,492
204,492
205,493
206,493
207,493
208,493
209,494
210,494
211,494
212,494
213,494
214,495
215,495
216,495
217,495
218,495
247,497
248,497
249,497
250,497
251,497
252,498
253,498
254,498
255,498
256,498
257,499
258,499
259,499
260,499
261,499
267,501
268,501
269,501
270,501
271,501
277,503
278,503
279,503
280,503
281,503
282,504
283,504
285,504
284,504
286,504
302,508
303,508
304,508
305,508
306,508
322,512
323,512
324,512
325,512
326,512
332,514
333,514
334,514
335,514
336,514
338,515
339,515
337,515
340,515
341,515
347,517
348,517
349,517
350,517
351,517
352,518
353,518
354,518
355,518
356,518
368,519
369,519
371,449
370,519
372,449
373,449
374,520
375,520
376,520
377,520
378,520
379,450
380,450
381,450
382,450
383,450
384,521
385,521
386,522
387,522
388,522
389,523
390,523
391,523
392,523
393,523
394,524
395,524
396,524
397,524
398,524
399,525
400,525
401,525
402,525
403,525
410,526
411,526
412,526
413,526
414,526
415,526
416,526
417,526
418,526
419,526
420,526
421,526
422,526
423,526
424,526
425,526
426,526
427,526
438,529
439,529
440,529
441,529
442,529
443,530
444,530
445,530
446,530
447,530
453,532
454,532
455,532
456,532
457,532
481,536
482,536
483,536
484,536
485,536
486,537
487,537
488,537
489,537
490,537
491,538
492,538
493,538
494,538
495,538
496,539
497,539
498,539
499,539
500,539
506,541
507,541
508,541
509,541
510,541
511,542
512,542
513,542
514,542
515,542
516,543
517,543
518,543
519,543
520,543
521,544
522,544
523,544
524,544
525,544
536,547
537,547
538,547
539,547
540,547
541,451
542,451
543,451
544,451
545,548
546,548
547,548
548,548
549,548
550,549
551,549
552,549
553,549
554,549
555,550
556,550
557,550
558,550
559,550
560,551
561,551
562,551
563,551
564,551
565,552
566,552
567,552
568,552
569,552
570,553
571,553
572,553
573,553
574,553
580,555
581,555
582,555
583,555
584,555
590,557
591,557
592,557
593,557
594,557
595,558
596,558
597,558
598,558
599,558
600,559
601,559
602,559
603,559
604,559
605,560
606,560
607,560
608,560
609,560
610,561
611,561
612,561
613,561
614,561
615,562
616,562
617,562
618,562
619,562
620,563
621,563
627,536
638,567
639,567
640,567
646,569
647,569
648,569
649,569
650,569
651,570
652,570
653,570
654,570
655,570
656,571
657,571
658,571
659,571
660,571
661,572
662,548
663,548
664,548
665,548
666,548
667,548
668,548
670,548
669,548
671,548
672,548
673,548
695,573
696,573
697,573
698,573
699,573
700,574
701,574
702,574
703,574
704,574
705,450
706,450
707,450
708,450
709,450
710,450
711,450
712,450
713,450
714,536
715,536
716,536
717,536
718,536
719,536
720,536
721,536
722,536
723,536
724,536
725,536
726,536
727,536
728,536
729,536
730,536
731,536
732,575
733,575
734,575
735,575
736,575
737,576
738,576
740,576
739,576
741,576
743,577
744,577
742,577
748,578
745,577
746,577
747,578
749,578
750,578
751,578
752,579
753,579
754,579
755,579
756,579
757,580
758,580
759,580
760,580
761,580
762,581
763,581
764,581
765,581
766,581
767,582
768,582
769,582
770,582
771,582
772,583
773,583
774,583
775,583
776,583
777,584
778,584
779,584
780,584
781,584
782,585
783,585
784,585
785,585
787,586
786,585
788,586
789,586
790,586
791,586
792,587
793,587
794,587
795,587
796,587
797,588
798,588
799,588
800,588
801,588
802,589
803,589
804,589
805,589
806,589
807,590
808,590
809,590
810,590
811,590
812,591
813,592
814,592
815,592
816,592
817,592
818,593
819,593
820,593
821,593
822,593
823,594
824,594
825,594
826,594
827,594
828,594
829,594
830,594
831,594
832,594
833,595
834,595
835,595
836,595
837,595
838,596
839,596
840,596
842,596
841,596
843,597
844,597
845,598
846,598
847,598
848,598
849,598
850,599
851,599
852,599
853,599
854,599
855,600
856,600
857,600
858,600
859,600
865,602
866,602
867,602
868,602
870,603
869,602
871,603
872,603
873,603
874,603
875,604
876,604
877,604
878,604
879,604
880,605
881,605
882,605
883,605
884,605
885,606
886,606
887,606
888,606
889,607
890,608
891,608
892,608
893,608
894,608
895,609
896,609
902,611
903,611
904,611
905,611
906,611
907,612
908,612
909,612
910,612
911,612
912,613
913,613
914,613
915,613
916,613
917,614
918,614
919,614
920,614
921,614
922,615
923,615
925,615
924,615
926,615
927,616
928,616
929,616
930,617
931,617
932,617
933,617
934,617
935,618
937,618
936,618
938,618
940,619
939,618
941,619
942,620
943,620
944,620
945,620
947,621
946,620
948,621
949,621
950,621
951,621
952,622
953,622
954,622
955,622
956,622
957,623
958,623
959,623
960,623
961,623
962,624
963,624
964,624
965,624
966,624
967,625
968,625
969,625
970,625
971,625
972,626
973,626
974,626
975,626
976,626
977,627
978,627
979,627
980,627
981,627
982,628
983,628
984,628
985,628
986,628
987,629
988,629
990,629
989,629
991,629
992,630
993,630
994,630
995,630
996,630
997,631
998,631
999,631
1000,631
1001,631
1002,632
1003,632
1004,632
1005,632
1006,632
1007,633
1008,633
1009,634
1010,634
1011,634
1012,634
1013,634
1014,635
1015,635
1016,635
1017,635
1018,635
1019,636
1020,636
1021,636
1022,636
1023,636
1024,637
1025,637
1026,637
1027,637
1028,638
1029,638
1030,639
1031,639
1032,639
1033,639
1034,639
1035,640
1036,640
1037,640
1038,640
1039,640
1040,641
1041,641
1042,641
1043,641
1044,641
1045,642
1046,642
1047,642
1048,642
1049,642
1050,643
1051,643
1052,643
1053,643
1054,643
1055,644
1056,644
1057,644
1058,644
1059,644
1060,645
1061,645
1062,645
1063,645
1064,645
1065,646
1066,646
1067,646
1068,646
1069,646
1070,647
1071,647
1072,647
1073,647
1074,647
1075,648
1077,648
1076,648
1078,648
1080,649
1079,648
1081,649
1082,649
1083,649
1084,649
1085,650
1086,650
1087,650
1088,650
1089,650
1090,651
1091,651
1092,651
1093,651
1094,651
1095,652
1096,652
1097,652
1098,652
1099,652
1100,653
1101,653
1102,653
1103,653
1104,653
1105,654
1107,654
1106,654
1108,654
1109,654
1110,655
1111,655
1112,655
1113,655
1114,655
1115,656
1116,656
1117,656
1118,656
1119,656
1120,657
1121,657
1122,657
1123,657
1124,657
1125,658
1126,658
1127,658
1128,658
1129,658
1130,659
1131,659
1132,659
1133,659
1134,659
1135,660
1137,660
1136,660
1138,660
1140,661
1139,660
1141,661
1142,661
1143,661
1144,661
1145,662
1146,662
1147,662
1148,662
1149,662
1150,663
1151,663
1152,663
1153,663
1154,663
1155,664
1156,664
1157,664
1158,664
1159,664
1160,665
1161,665
1162,666
1163,666
1164,667
1165,667
1166,667
1167,667
1168,667
1169,668
1170,668
1171,668
1172,668
1173,668
1174,669
1175,669
1176,669
1177,669
1178,669
1179,670
1180,670
1181,670
1182,670
1183,670
1184,671
1185,671
1186,671
1187,671
1188,671
1189,672
1190,672
1191,672
1192,672
1193,672
1194,673
1195,673
1196,673
1197,673
1198,673
1199,674
1200,674
1201,674
1202,674
1203,674
1204,675
1205,675
1206,675
1207,675
1208,675
1209,676
1210,676
1211,676
1212,676
1213,676
1214,677
1215,677
1216,677
1217,677
1218,677
1219,678
1220,678
1221,678
1222,678
1223,679
1224,679
1225,679
1226,679
1227,679
1228,680
1229,680
1230,680
1231,680
1232,680
1233,681
1234,681
1235,681
1236,681
1237,681
1238,682
1242,683
1243,683
1244,683
1245,683
1248,684
1247,684
1246,683
1249,684
1250,684
1251,684
1252,573
1253,573
1254,573
1255,573
1256,573
1257,573
1258,573
1259,573
1260,573
1261,573
1265,452
1266,453
1267,452
1268,452
1269,452
1270,453
1271,453
1272,452
1274,452
1273,453
1275,453
1276,452
1277,452
1278,453
1279,453
1280,452
1281,453
1282,453
1283,453
1284,452
1285,452
1286,462
1287,462
1288,462
1289,462
1290,462
1291,462
1292,462
1293,462
1294,462
1314,461
1317,461
1321,463
1322,463
1324,459
1325,459
1326,459
1327,459
1328,459
1329,459
1330,459
1350,461
1351,461
1352,461
1353,461
1354,461
1355,461
1356,461
1357,461
1358,461
1359,461
1360,461
1361,461
1362,461
1363,461
1364,461
1365,461
1366,461
1367,461
1368,463
1369,463
1370,463
1371,463
1372,463
1373,463
1374,463
1375,463
1376,463
1377,463
1378,463
1379,463
1380,463
1381,463
1382,463
1383,463
1384,463
1385,463
1388,461
1394,461
1404,461
1426,461
1432,461
1435,461
1439,461
1453,463
1455,463
1459,461
1463,461
1465,461
1467,463
1480,463
1482,461
1487,660
1488,594
1489,594
1490,635
1491,594
1492,671
1493,581
1494,636
1495,624
1497,668
1496,655
1499,656
1501,461
1502,580
1503,635
1504,623
1505,655
1506,653
1507,584
1508,656
1509,653
1510,653
1511,584
1512,615
1513,656
1514,660
1516,575
1517,680
1518,584
1519,648
1520,656
1521,585
1522,611
1523,594
1524,594
1525,594
1526,626
1527,629
1528,461
1530,461
1533,636
1535,635
1534,608
1536,674
1538,655
1537,639
1540,589
1541,643
1542,623
1543,680
1547,668
1546,655
1548,635
1549,632
1550,679
1551,594
1552,657
1553,650
1554,653
1555,613
1556,674
1557,461
1558,463
1561,461
1562,569
1563,569
1565,569
1566,569
1567,569
1568,569
1569,569
1572,570
1573,571
1574,569
1575,569
1576,570
1577,569
1578,569
1580,569
1581,569
1582,569
1583,467
1584,467
1585,468
1586,468
1587,468
1588,468
1589,468
1590,468
1591,468
1592,468
1593,468
1594,468
1595,468
1596,558
1597,558
1598,558
1599,558
1600,558
1601,558
1602,558
1603,558
1604,558
1605,558
1606,558
1607,558
1608,558
1609,558
1610,558
1611,558
1612,558
1613,558
1614,558
1653,469
1694,491
1696,482
1698,484
1699,482
1700,482
1701,482
1705,482
1707,492
1710,482
1711,482
1712,492
1714,484
1715,485
1717,482
1718,495
1721,492
1723,482
1724,492
1727,482
1728,482
1730,495
1732,492
1733,491
1734,482
1740,482
1741,484
1742,484
1745,482
1747,482
1763,473
1764,485
1766,495
1778,482
1779,482
1780,484
1782,473
1783,473
1784,473
1785,473
1786,473
1787,473
1788,473
1789,473
1790,473
1791,473
1792,473
1793,473
1794,473
1795,473
1796,473
1797,473
1798,473
1800,482
1801,484
1803,485
1805,482
1806,491
1810,487
1818,475
1819,476
1820,476
1821,478
1822,475
1824,476
1825,479
1826,476
1827,475
1828,475
1829,479
1830,476
1831,479
1832,475
1833,480
1834,476
1835,476
1836,474
1837,474
1838,474
1839,474
1840,474
1841,474
1842,474
1843,474
1844,474
1845,474
1846,474
1847,475
1848,476
1849,476
1850,480
1851,480
1852,477
1853,479
1854,479
1855,475
1856,475
1857,479
1858,480
1859,479
1860,478
1861,480
1862,479
1863,476
1864,479
1865,477
1866,479
1867,479
1868,479
1869,476
1870,479
1871,479
1872,475
1873,479
1874,479
1875,479
1876,479
1877,479
1878,475
1879,475
1880,475
1881,475
1882,475
1883,475
1884,475
1885,475
1886,475
1887,475
1888,475
1889,475
1890,481
1891,477
1892,476
1893,479
1894,479
1895,480
1896,481
1897,479
1898,480
1899,481
1900,476
1901,480
1902,478
1903,478
1904,479
1905,477
1906,479
1907,480
1908,479
1909,479
1910,477
1911,479
1913,476
1914,476
1915,476
1916,476
1917,476
1918,476
1919,476
1920,476
1921,476
1922,476
1923,476
1924,476
1925,479
1926,479
1927,479
1928,479
1929,479
1930,479
1931,479
1932,477
1933,476
1934,476
1935,479
1936,479
1937,476
1938,476
1939,477
1940,477
1941,477
1942,477
1943,477
1944,477
1945,477
1946,477
1947,478
1948,481
1949,479
1950,479
1951,480
1952,480
1954,479
1956,480
1957,479
1958,481
1959,479
1960,480
1961,479
1962,479
1963,479
1964,481
1965,480
1966,479
1967,476
1968,476
1969,476
1970,479
1972,476
1973,476
1974,479
1975,479
1976,476
1977,476
1978,481
1979,476
1980,479
1981,485
1982,485
1983,485
1984,485
1985,485
1986,485
1987,485
1988,485
1989,485
1990,485
1991,485
1992,485
1993,485
1994,485
1995,485
1996,485
1997,485
2000,495
1999,495
2001,495
2002,495
2003,495
2004,495
2005,495
2007,495
2006,495
2008,495
2009,495
2011,482
2012,482
2013,482
2015,482
2014,482
2016,482
2018,482
2017,482
2019,482
2020,482
2021,482
2022,482
2023,482
2024,482
2025,482
2026,482
2027,482
2028,482
2029,482
2065,488
2066,488
2067,488
2068,487
2069,487
2070,487
2071,487
2072,487
2073,487
2074,487
2075,487
2076,487
2077,487
2078,487
2079,487
2080,487
2081,487
2082,487
2083,487
2084,487
2085,487
2103,484
2104,484
2105,484
2106,484
2107,484
2108,484
2110,484
2109,484
2111,484
2113,484
2117,491
2115,491
2116,491
2114,491
2118,491
2119,491
2121,491
2120,491
2122,491
2112,484
2123,492
2124,492
2125,492
2126,492
2127,492
2128,492
2129,492
2130,492
2131,492
2132,492
2133,492
2134,492
2135,492
2136,492
2137,492
2138,494
2139,494
2152,482
2153,482
2154,482
2156,482
2158,482
2160,482
2161,482
2169,482
2176,482
2179,482
2182,482
2184,482
2186,482
2190,482
2191,492
2192,482
2194,482
2197,482
2198,482
2199,482
2200,482
2203,492
2212,482
2214,487
2217,482
2220,492
2222,487
2224,482
2228,472
2232,482
2234,485
2235,485
2236,482
2237,482
2239,485
2240,487
2241,492
2243,482
2245,482
2246,482
2247,482
2249,482
2250,482
2251,492
2253,482
2255,482
2257,482
2260,482
2263,482
2266,482
2267,482
2268,492
2269,482
2272,482
2277,492
2278,482
2280,482
2298,497
2299,497
2300,497
2301,497
2302,497
2303,497
2304,497
2305,497
2306,497
2307,497
2308,499
2309,499
2310,499
2311,499
2312,499
2313,499
2314,499
2315,499
2316,499
2317,499
2318,499
2319,499
2320,499
2321,499
2322,499
2323,499
2324,499
2325,499
2364,498
2365,498
2366,498
2367,498
2368,498
2370,498
2369,498
2371,498
2372,498
2373,498
2374,503
2375,503
2376,503
2377,503
2378,503
2379,503
2380,503
2382,503
2381,503
2383,503
2384,503
2385,503
2386,503
2387,503
2388,503
2389,503
2391,503
2390,503
2392,503
2394,504
2393,504
2395,504
2396,504
2397,504
2398,504
2399,504
2400,504
2401,504
2402,504
2403,504
2404,504
2406,504
2405,504
2407,504
2408,504
2409,504
2410,504
2411,501
2412,501
2413,501
2414,501
2415,501
2416,501
2417,501
2418,501
2419,501
2420,501
2421,501
2422,501
2423,501
2424,501
2425,501
2426,501
2427,501
2428,501
2429,501
2478,508
2479,508
2480,508
2481,508
2482,508
2483,508
2484,508
2485,508
2486,508
2487,508
2488,508
2490,508
2489,508
2491,508
2492,508
2493,508
2532,514
2533,514
2534,514
2535,514
2536,514
2537,514
2538,514
2539,514
2540,514
2541,514
2542,514
2543,514
2544,514
2545,514
2546,514
2547,514
2548,514
2550,514
2549,514
2551,512
2552,512
2553,512
2554,512
2555,512
2556,512
2557,512
2558,512
2559,512
2560,512
2561,512
2562,512
2563,512
2564,512
2565,512
2566,512
2567,512
2568,512
2569,512
2570,515
2571,515
2572,515
2574,515
2573,515
2575,515
2576,515
2577,515
2578,515
2579,515
2580,515
2581,515
2582,515
2583,515
2584,517
2585,517
2586,517
2587,517
2588,517
2589,517
2590,517
2591,517
2592,517
2593,517
2632,518
2633,518
2634,518
2656,503
2657,514
2676,501
2674,514
2675,514
2683,501
2684,501
2695,501
2712,501
2714,501
2723,503
2722,501
2725,503
2735,501
2737,514
2738,501
2746,501
2756,501
2758,514
2765,503
2768,503
2770,503
2772,501
2777,514
2781,503
2782,501
2784,503
2788,501
2789,514
2797,503
2800,503
2803,501
2822,501
2836,501
2855,514
2865,501
2870,503
2887,503
2900,503
2904,503
2911,503
2913,501
2918,514
2931,501
2932,501
2936,501
2937,501
2971,503
2985,503
3019,501
3031,512
3054,523
3055,523
3056,523
3057,523
3058,523
3059,523
3060,523
3061,523
3062,523
3063,523
3064,523
3065,523
3066,523
3067,523
3068,523
3069,520
3070,520
3071,520
3072,520
3073,520
3074,520
3075,520
3082,524
3090,685
3091,685
3092,685
3093,685
3094,685
3095,685
3096,685
3097,685
3098,685
3099,685
3100,685
3101,685
3102,685
3103,685
3104,685
3105,685
3106,685
3107,685
3108,685
3109,685
3110,685
3111,685
3112,685
3113,685
3114,686
3115,686
3116,686
3117,686
3118,686
3119,686
3120,686
3121,686
3122,686
3123,686
3124,686
3125,686
3126,686
3127,686
3128,686
3129,687
3130,687
3131,687
3132,687
3133,687
3134,687
3135,687
3136,687
3138,687
3137,687
3139,687
3140,687
3141,526
3142,526
3143,526
3144,526
3145,526
3146,526
3147,526
3148,526
3149,526
3150,526
3151,526
3152,526
3153,526
3154,685
3155,685
3156,685
3157,685
3159,685
3158,685
3160,685
3162,685
3161,685
3163,685
3164,685
3165,685
3166,685
3167,685
3168,685
3169,685
3170,526
3171,526
3172,526
3174,526
3173,526
3175,526
3176,526
3177,685
3235,529
3236,529
3237,529
3239,529
3238,529
3240,529
3241,529
3242,529
3243,529
3246,529
3244,529
3245,529
3247,529
3248,529
3249,529
3250,529
3251,529
3252,529
3253,529
3311,530
3312,530
3313,530
3314,530
3315,530
3316,530
3318,530
3317,530
3319,530
3320,530
3321,530
3322,530
3323,530
3324,530
3325,530
3337,532
3338,532
3339,532
3340,532
3342,532
3341,532
3343,532
3344,532
3345,532
3346,532
3347,532
3348,532
3349,532
3350,532
3351,532
3352,532
3397,529
3667,537
3668,537
3669,537
3670,537
3671,537
3672,537
3673,537
3674,537
3675,537
3676,537
3678,537
3677,537
3679,537
3680,537
3681,537
3682,537
3683,537
3703,541
3704,541
3705,541
3706,542
3707,542
3708,542
3709,542
3710,542
3711,542
3712,542
3714,542
3713,542
3715,542
3716,542
3717,542
3718,542
3719,542
3720,542
3721,542
3722,542
3723,542
3724,542
3726,544
3725,544
3727,544
3728,544
3729,544
3730,544
3731,544
3732,544
3733,544
3734,544
3735,544
3736,544
3738,544
3737,544
3739,544
3740,544
3741,544
3742,544
3743,544
3763,547
3764,547
3765,547
3766,547
3767,547
3768,547
3769,547
3770,451
3771,451
3772,451
3774,451
3773,451
3775,451
3776,451
3777,451
3786,549
3785,549
3787,549
3788,549
3789,549
3790,549
3791,550
3792,550
3793,550
3794,550
3795,550
3796,550
3797,550
3798,550
3799,550
3800,550
3801,550
3802,550
3803,550
3804,550
3805,550
3806,550
3807,550
3808,550
3810,551
3809,550
3811,551
3812,551
3813,551
3814,551
3815,551
3816,551
3817,551
3818,551
3819,551
3820,551
3821,551
3822,551
3823,551
3824,551
3825,551
3826,551
3827,551
3828,551
3829,553
3830,553
3831,553
3851,552
3852,552
3853,552
3854,552
3855,552
3856,552
3857,555
3858,555
3859,555
3860,555
3861,555
3862,555
3863,555
3864,555
3865,555
3866,555
3867,555
3868,555
3870,555
3869,555
3871,555
3872,555
3873,555
3876,573
3874,555
3875,555
3877,573
3878,573
3879,573
3880,573
3882,542
3883,536
3885,573
3886,573
3887,573
3888,573
3892,536
3894,542
3895,536
3896,536
3899,544
3903,555
3904,536
3906,551
3910,555
3914,542
3915,542
3919,536
3921,536
3927,544
3928,544
3933,536
3941,536
3944,542
3945,536
3946,544
3949,536
3953,536
3955,536
3956,536
3958,536
3964,536
3967,536
3970,555
3972,544
3974,551
3977,542
3979,542
3981,536
3982,555
3983,551
3984,543
3985,543
3986,543
3987,543
3988,543
3990,543
3989,543
3991,550
3992,555
3994,536
4002,542
4004,536
4005,542
4007,555
4013,555
4014,550
4015,544
4016,550
4017,544
4018,550
4019,550
4020,544
4021,550
4024,555
4026,536
4027,536
4028,555
4030,558
4031,557
4032,558
4033,557
4037,558
4038,558
4040,558
4042,557
4043,558
4044,557
4045,557
4048,558
4049,557
4052,558
4054,557
4057,557
4058,558
4059,558
4061,558
4063,557
4067,558
4072,557
4074,557
4073,557
4075,557
4076,557
4077,557
4078,557
4079,557
4080,557
4081,557
4082,557
4083,557
4084,557
4086,557
4085,557
4087,557
4088,558
4098,557
4101,558
4111,558
4115,558
4122,558
4123,558
4128,558
4133,557
4135,558
4138,558
4143,558
4151,558
4156,558
4157,558
4159,558
4163,559
4164,560
4165,560
4166,560
4167,560
4168,560
4170,560
4169,560
4171,560
4173,561
4175,561
4174,561
4176,561
4177,561
4178,561
4179,561
4180,561
4181,561
4182,561
4183,561
4184,561
4185,561
4188,561
4187,561
4189,561
4186,561
4190,561
4191,561
4194,561
4193,561
4192,561
4227,550
4228,544
4229,550
4231,555
4232,544
4234,555
4235,555
4236,550
4237,550
4238,461
4240,536
4241,536
4244,536
4245,536
4246,594
4247,594
4248,594
4249,594
4250,594
4251,594
4252,594
4254,594
4253,594
4255,594
4256,594
4257,594
4259,594
4258,594
4260,594
4261,594
4262,594
4263,594
4264,594
4265,575
4266,575
4267,575
4268,575
4269,575
4270,575
4272,575
4271,575
4274,575
4273,575
4275,575
4276,575
4277,575
4278,575
4279,575
4280,575
4281,575
4282,575
4296,594
4297,656
4298,653
4299,626
4300,654
4302,635
4301,620
4303,584
4304,648
4305,635
4306,656
4307,584
4308,584
4309,634
4310,681
4311,680
4312,613
4314,653
4313,620
4315,670
4317,656
4318,613
4319,623
4320,636
4321,635
4322,659
4323,594
4324,584
4325,672
4326,639
4327,584
4328,594
4329,680
4330,584
4331,653
4332,635
4333,623
4334,655
4335,653
4336,653
4337,576
4338,636
4339,584
4340,628
4341,611
4342,623
4343,656
4344,613
4345,594
4346,599
4347,648
4348,656
4349,674
4350,652
4351,615
4352,656
4353,651
4354,648
4355,611
4356,674
4357,611
4358,656
4359,644
4360,649
4362,613
4361,653
4363,668
4364,613
4365,579
4366,668
4367,668
4368,613
4369,613
4370,584
4371,681
4372,584
4373,683
4374,635
4375,648
4376,663
4377,635
4378,625
4379,636
4380,639
4381,623
4382,608
4383,594
4384,594
4386,676
4385,653
4387,656
4388,623
4389,674
4390,625
4392,577
4391,623
4393,577
4394,577
4395,577
4396,577
4398,577
4397,577
4399,577
4400,577
4401,577
4402,577
4404,578
4403,578
4405,578
4406,578
4407,578
4408,578
4410,578
4409,578
4411,644
4412,668
4413,613
4414,658
4415,579
4416,583
4417,655
4418,636
4419,655
4420,635
4422,656
4421,656
4423,634
4424,634
4425,656
4426,635
4427,668
4428,634
4429,623
4430,672
4431,634
4434,594
4433,613
4435,627
4436,650
4437,631
4438,634
4439,655
4440,584
4441,656
4442,683
4443,623
4444,648
4445,635
4446,674
4448,635
4449,608
4450,680
4451,599
4452,599
4453,599
4454,623
4455,584
4456,648
4457,613
4458,623
4459,584
4460,663
4461,625
4462,656
4463,594
4464,634
4465,594
4466,625
4467,584
4468,594
4469,584
4470,623
4471,611
4472,611
4473,639
4474,614
4475,636
4476,639
4477,656
4478,625
4479,656
4480,611
4482,583
4481,639
4483,579
4484,579
4485,579
4486,579
4487,579
4488,579
4489,579
4490,579
4491,579
4492,579
4494,579
4493,579
4495,579
4496,579
4497,579
4498,579
4499,579
4500,579
4501,656
4502,656
4503,659
4504,580
4505,580
4506,580
4508,580
4507,580
4509,580
4510,580
4511,580
4512,580
4513,580
4514,580
4515,580
4516,580
4518,623
4517,636
4519,634
4520,681
4521,639
4522,683
4523,584
4524,653
4525,636
4526,611
4527,613
4528,584
4530,584
4529,584
4531,584
4532,647
4533,615
4534,645
4535,636
4536,623
4537,648
4538,636
4539,613
4540,683
4541,651
4542,634
4543,639
4544,663
4545,668
4546,635
4547,680
4548,623
4549,653
4550,639
4551,648
4552,594
4554,648
4553,623
4555,654
4556,645
4557,639
4558,668
4559,623
4560,654
4561,653
4562,584
4563,655
4564,594
4565,650
4566,594
4567,639
4568,656
4569,639
4570,584
4571,656
4572,651
4573,645
4574,681
4575,680
4576,629
4578,623
4577,594
4579,613
4580,635
4581,623
4582,611
4583,625
4584,585
4586,650
4587,584
4588,636
4589,656
4590,625
4591,655
4592,627
4593,599
4594,611
4596,635
4595,613
4597,641
4598,594
4599,648
4600,613
4601,598
4602,681
4603,668
4604,651
4605,635
4606,658
4607,630
4608,681
4609,579
4610,681
4611,581
4612,581
4614,581
4613,581
4615,581
4616,581
4617,581
4618,581
4619,581
4620,581
4621,582
4622,582
4623,582
4624,582
4625,582
4626,582
4627,583
4628,583
4629,636
4630,636
4631,636
4632,636
4633,636
4634,636
4635,636
4636,636
4637,636
4638,636
4639,668
4640,635
4641,598
4642,635
4643,636
4644,599
4645,635
4646,599
4647,635
4648,636
4650,594
4649,635
4651,668
4652,668
4653,656
4654,663
4655,653
4656,639
4657,655
4658,663
4659,594
4660,613
4662,653
4661,655
4663,584
4664,594
4665,635
4666,652
4668,603
4667,629
4669,664
4670,675
4671,656
4672,674
4673,656
4674,651
4675,673
4676,675
4677,656
4678,608
4679,670
4680,656
4681,602
4682,585
4683,623
4684,635
4686,680
4685,623
4687,623
4688,627
4689,680
4690,594
4691,623
4692,675
4693,628
4694,655
4695,636
4696,680
4698,656
4697,656
4699,672
4700,648
4701,680
4702,639
4703,635
4704,636
4705,625
4706,680
4707,627
4708,653
4710,594
4709,648
4711,623
4712,611
4713,584
4714,613
4715,663
4717,653
4718,608
4719,656
4720,608
4722,657
4721,594
4723,656
4724,668
4725,594
4726,602
4727,681
4728,675
4729,644
4730,639
4731,683
4732,584
4734,584
4733,584
4735,584
4736,584
4737,584
4738,584
4739,584
4740,584
4741,584
4742,584
4743,585
4744,585
4745,585
4746,585
4747,585
4748,585
4749,585
4750,602
4751,579
4753,625
4754,611
4755,629
4756,668
4758,680
4757,623
4759,594
4760,623
4761,623
4762,667
4763,611
4764,615
4765,623
4766,594
4767,623
4768,628
4769,683
4770,639
4771,611
4772,655
4773,626
4774,635
4775,647
4776,668
4777,639
4778,625
4779,639
4782,680
4781,656
4783,639
4784,656
4785,656
4787,636
4788,639
4789,652
4790,613
4791,599
4792,639
4793,668
4795,670
4796,635
4797,683
4798,650
4799,635
4800,655
4801,680
4802,676
4803,589
4804,586
4805,586
4806,586
4807,586
4808,586
4809,586
4810,586
4811,586
4812,586
4813,586
4814,586
4816,594
4818,656
4817,602
4820,587
4819,594
4821,651
4822,684
4823,588
4824,611
4825,674
4826,652
4827,653
4828,644
4829,674
4830,652
4831,653
4832,656
4833,611
4834,650
4835,589
4836,629
4837,635
4838,623
4839,594
4840,623
4841,635
4842,655
4843,625
4844,594
4845,629
4846,623
4847,636
4848,639
4849,608
4850,584
4851,670
4852,657
4854,652
4853,608
4856,675
4855,608
4857,594
4859,646
4858,684
4860,627
4861,623
4862,650
4863,584
4864,635
4866,623
4865,670
4867,590
4868,590
4869,590
4870,590
4871,590
4872,590
4873,590
4874,590
4875,590
4876,590
4878,590
4877,590
4879,590
4880,590
4881,590
4882,590
4883,590
4884,656
4885,636
4886,629
4887,680
4888,623
4890,635
4889,653
4891,594
4892,584
4893,656
4894,672
4895,635
4896,636
4897,669
4898,668
4899,599
4900,627
4902,653
4901,635
4904,613
4903,655
4905,683
4906,611
4907,615
4908,675
4909,613
4910,681
4911,657
4912,594
4913,625
4914,584
4915,594
4917,648
4916,656
4918,655
4920,594
4919,635
4922,681
4921,674
4923,674
4924,667
4925,635
4926,614
4927,673
4928,673
4929,614
4931,593
4930,593
4932,674
4933,584
4934,623
4935,594
4936,651
4938,623
4937,579
4939,594
4940,655
4941,613
4942,684
4943,615
4944,615
4945,658
4946,594
4947,684
4948,642
4949,672
4950,613
4951,620
4952,639
4953,623
4954,653
4956,656
4955,634
4957,635
4958,651
4959,671
4960,655
4962,677
4961,648
4963,655
4964,647
4965,657
4966,642
4967,575
4968,674
4970,648
4969,655
4971,658
4972,608
4974,608
4973,639
4975,636
4976,602
4977,649
4978,653
4979,635
4980,594
4981,671
4982,611
4983,650
4984,652
4986,655
4985,657
4987,652
4988,631
4989,668
4990,594
4991,650
4992,648
4993,645
4994,655
4995,639
4996,615
4997,639
4998,627
4999,614
5000,613
5001,602
5002,584
5004,623
5005,613
5006,595
5007,636
5008,655
5009,683
5010,594
5011,674
5012,653
5013,594
5015,656
5014,655
5016,639
5017,653
5018,629
5019,664
5020,635
5021,602
5022,636
5023,635
5024,635
5025,635
5028,624
5026,634
5027,683
5029,613
5030,615
5031,681
5032,635
5033,575
5034,656
5035,596
5036,596
5037,596
5038,661
5039,664
5040,642
5041,684
5042,669
5043,662
5044,662
5046,635
5045,664
5047,684
5049,671
5048,613
5050,647
5051,656
5052,681
5053,635
5054,684
5055,653
5056,670
5057,575
5058,627
5059,623
5061,658
5060,650
5062,658
5063,674
5064,625
5065,629
5066,623
5067,635
5068,594
5070,614
5069,635
5071,636
5072,594
5073,671
5074,624
5075,624
5076,599
5077,598
5078,598
5079,598
5080,598
5081,598
5082,598
5083,598
5084,598
5085,651
5086,675
5087,674
5088,613
5089,649
5090,579
5091,608
5092,645
5093,657
5094,599
5095,599
5097,599
5096,599
5098,599
5099,599
5100,599
5101,599
5102,599
5103,599
5104,599
5106,652
5105,599
5107,672
5108,684
5109,615
5110,673
5111,617
5112,668
5113,575
5114,651
5115,671
5116,671
5117,615
5118,615
5119,615
5120,615
5121,671
5122,641
5123,634
5124,636
5125,655
5126,584
5127,680
5128,594
5130,600
5129,600
5131,600
5132,600
5133,600
5134,635
5135,653
5136,681
5137,594
5138,623
5139,648
5140,672
5142,636
5141,623
5143,635
5144,584
5145,656
5146,635
5147,680
5148,613
5149,626
5150,681
5151,675
5152,629
5153,664
5154,635
5155,608
5156,608
5157,645
5159,654
5158,684
5160,602
5161,602
5162,602
5163,602
5164,655
5165,650
5166,643
5167,656
5168,669
5169,655
5170,681
5171,613
5172,623
5173,611
5174,642
5175,681
5176,632
5177,631
5178,611
5179,672
5180,655
5181,670
5182,608
5183,620
5184,663
5185,575
5186,594
5187,634
5188,664
5189,664
5190,613
5191,639
5192,648
5193,670
5194,634
5195,613
5196,594
5197,645
5198,623
5199,648
5200,655
5202,603
5201,618
5203,603
5204,603
5205,603
5206,603
5207,603
5208,603
5209,603
5210,672
5211,584
5212,656
5214,675
5213,615
5215,608
5216,594
5217,626
5218,668
5219,656
5220,673
5221,599
5222,625
5223,684
5224,649
5225,594
5226,635
5227,631
5228,615
5229,674
5230,579
5231,656
5232,604
5233,652
5234,681
5235,681
5236,630
5237,662
5238,635
5239,635
5240,640
5241,635
5242,656
5243,671
5244,611
5245,635
5246,662
5247,604
5248,604
5249,604
5250,674
5251,674
5252,664
5253,575
5256,656
5254,653
5255,613
5257,650
5259,672
5258,656
5261,613
5260,641
5262,684
5263,653
5265,663
5264,675
5266,672
5267,655
5268,668
5269,653
5270,645
5271,613
5272,636
5273,635
5274,623
5275,599
5276,635
5277,664
5278,664
5279,635
5280,635
5281,655
5282,649
5283,653
5284,635
5286,635
5285,635
5287,655
5288,658
5289,649
5290,615
5291,656
5292,655
5293,655
5294,614
5295,648
5296,648
5298,608
5297,608
5299,608
5300,608
5301,594
5302,594
5303,594
5304,608
5305,594
5306,594
5307,608
5308,608
5309,608
5310,608
5311,608
5312,608
5313,608
5314,608
5315,608
5316,608
5317,608
5318,608
5319,608
5320,594
5322,636
5321,594
5323,662
5324,664
5325,662
5326,647
5327,624
5328,641
5330,641
5329,613
5331,675
5332,608
5333,672
5334,656
5335,575
5336,653
5344,611
5345,611
5346,611
5347,611
5348,611
5349,611
5350,618
5351,650
5352,656
5353,653
5354,645
5355,680
5356,634
5358,641
5357,613
5359,625
5360,653
5361,668
5362,625
5363,648
5364,615
5365,634
5366,668
5367,613
5368,652
5370,647
5369,656
5371,611
5372,672
5373,644
5374,635
5375,612
5376,681
5377,675
5378,652
5379,613
5382,613
5380,613
5381,613
5383,613
5384,613
5385,623
5386,634
5387,628
5388,623
5389,655
5390,668
5391,613
5392,594
5394,655
5393,663
5395,675
5396,672
5397,639
5398,648
5400,614
5399,594
5401,614
5402,614
5403,614
5404,614
5406,614
5405,614
5407,615
5408,615
5409,615
5410,615
5411,615
5412,615
5413,615
5414,615
5415,615
5416,615
5418,635
5417,615
5419,676
5420,615
5421,611
5422,635
5423,636
5424,635
5425,611
5426,599
5427,676
5428,594
5429,635
5430,635
5431,599
5432,625
5433,636
5434,671
5435,635
5436,615
5437,650
5438,648
5439,681
5440,664
5441,635
5442,579
5443,635
5444,681
5445,650
5446,575
5447,611
5448,618
5449,617
5450,575
5451,618
5452,618
5454,618
5453,618
5456,618
5455,618
5457,618
5458,623
5460,635
5459,594
5461,664
5462,613
5463,656
5464,620
5465,620
5466,683
5467,653
5468,608
5469,668
5470,636
5471,656
5472,657
5473,623
5474,662
5475,623
5476,668
5477,594
5478,639
5479,623
5480,663
5481,656
5482,648
5483,594
5484,623
5485,623
5486,623
5487,623
5488,623
5490,623
5489,623
5491,623
5492,674
5493,650
5494,668
5495,667
5496,667
5497,667
5498,680
5499,584
5500,624
5501,663
5502,650
5503,611
5504,623
5505,654
5507,594
5506,653
5508,664
5509,652
5510,635
5511,658
5512,671
5514,674
5513,635
5515,658
5516,599
5517,674
5518,661
5519,625
5520,625
5521,625
5522,625
5523,656
5524,639
5525,675
5526,668
5527,634
5528,594
5529,670
5530,683
5531,594
5532,634
5533,615
5534,672
5535,626
5536,626
5537,626
5538,626
5539,626
5540,626
5541,626
5542,626
5543,674
5544,674
5545,635
5546,635
5547,653
5548,594
5550,639
5549,594
5551,594
5552,672
5553,628
5554,628
5555,628
5556,653
5557,674
5558,608
5559,648
5560,644
5562,636
5561,651
5563,648
5564,623
5565,668
5566,594
5567,594
5568,680
5569,670
5570,629
5571,629
5572,629
5573,656
5574,623
5576,630
5575,670
5577,636
5578,656
5579,594
5580,680
5581,623
5582,639
5583,639
5584,648
5586,579
5585,639
5587,635
5588,636
5589,674
5590,608
5591,650
5592,651
5593,669
5594,635
5595,676
5596,631
5598,599
5597,631
5599,632
5600,632
5601,632
5603,608
5602,641
5604,584
5605,674
5606,615
5607,650
5608,684
5610,645
5609,594
5611,615
5612,671
5613,684
5614,673
5616,684
5615,613
5617,636
5618,636
5619,636
5620,636
5622,636
5621,636
5623,636
5624,636
5625,634
5627,635
5626,635
5628,635
5629,635
5630,635
5632,608
5633,670
5634,635
5635,641
5636,680
5637,634
5638,651
5639,635
5640,634
5641,634
5643,677
5642,634
5644,594
5645,647
5646,674
5647,635
5648,670
5649,644
5650,623
5652,635
5653,594
5654,655
5655,635
5656,670
5657,594
5658,594
5659,656
5660,594
5661,680
5662,641
5663,611
5664,635
5665,635
5666,635
5668,653
5670,623
5669,683
5671,623
5672,575
5673,675
5674,675
5675,674
5676,674
5677,684
5678,675
5679,599
5680,636
5681,672
5682,615
5683,674
5684,639
5685,639
5686,594
5687,683
5688,623
5689,680
5690,635
5691,608
5692,594
5693,680
5694,680
5695,641
5696,641
5697,641
5698,641
5699,642
5700,642
5701,642
5702,642
5703,642
5704,642
5706,681
5705,608
5707,645
5708,643
5709,643
5710,643
5712,643
5711,643
5713,643
5714,643
5715,643
5716,643
5717,643
5718,643
5719,608
5720,653
5721,667
5723,623
5722,660
5724,681
5725,664
5726,656
5727,647
5728,654
5730,655
5729,635
5731,655
5732,648
5733,664
5734,623
5735,670
5736,613
5737,615
5738,645
5739,645
5740,645
5741,645
5742,645
5743,645
5744,645
5745,656
5746,608
5747,646
5748,646
5749,646
5750,646
5751,647
5752,647
5753,647
5754,647
5755,647
5756,594
5757,668
5758,594
5759,613
5760,663
5761,594
5762,648
5763,668
5764,623
5766,623
5765,663
5767,611
5768,575
5769,680
5770,635
5771,635
5772,656
5773,594
5774,594
5775,648
5776,648
5778,613
5777,673
5779,649
5780,649
5781,649
5782,649
5784,649
5783,649
5785,650
5786,650
5787,650
5788,650
5789,650
5790,650
5791,594
5792,651
5793,651
5794,659
5795,655
5796,636
5797,654
5798,594
5799,664
5800,635
5802,652
5801,652
5803,652
5804,652
5805,652
5807,653
5808,653
5806,653
5809,653
5810,668
5811,672
5812,668
5813,594
5814,594
5815,623
5816,575
5817,656
5818,656
5819,653
5820,594
5821,623
5822,594
5823,655
5824,674
5825,657
5826,657
5828,657
5827,657
5829,657
5830,657
5831,658
5832,658
5833,658
5834,658
5835,658
5836,658
5837,658
5838,658
5839,658
5840,658
5841,658
5843,659
5842,655
5844,635
5845,635
5846,608
5847,635
5848,579
5849,671
5850,594
5851,635
5852,608
5853,660
5854,660
5855,660
5856,660
5857,660
5858,660
5859,660
5860,660
5861,660
5862,660
5863,660
5864,660
5865,660
5866,660
5867,660
5868,660
5869,660
5870,656
5871,670
5872,661
5873,661
5874,670
5875,650
5876,608
5877,635
5878,674
5879,594
5880,635
5881,594
5882,623
5883,611
5884,663
5885,664
5886,664
5887,664
5888,664
5889,664
5890,664
5891,667
5892,668
5893,623
5894,594
5895,594
5896,594
5897,594
5898,635
5899,594
5900,668
5901,674
5902,594
5903,608
5904,608
5905,635
5906,594
5907,579
5908,608
5910,669
5909,671
5911,669
5912,669
5913,669
5914,669
5915,608
5916,670
5917,670
5918,670
5919,670
5920,671
5922,671
5921,671
5923,671
5924,671
5925,655
5927,648
5926,672
5928,613
5929,579
5930,611
5931,650
5932,674
5934,675
5933,674
5935,653
5936,623
5937,584
5938,679
5939,679
5940,679
5941,679
5942,679
5943,679
5944,611
5945,635
5946,680
5947,680
5948,680
5949,594
5950,681
5951,575
5952,684
5953,684
5954,684
5955,684
5956,684
5957,684
5960,461
5975,674
5976,594
5977,648
5978,613
5979,635
5980,653
5982,635
5981,575
5984,653
5983,648
5987,635
5986,655
5988,660
5989,650
5990,653
5991,648
5992,648
5994,648
5995,599
5996,653
5997,635
5998,594
5999,668
6002,648
6003,648
6004,636
6005,608
6006,594
6007,655
6008,653
6009,648
6010,615
6011,635
6012,599
6013,635
6014,635
6015,584
6016,613
6018,608
6017,623
6019,648
6020,668
6021,594
6022,594
6023,635
6024,648
6025,655
6026,611
6027,664
6028,655
6029,650
6030,575
6031,655
6032,611
6033,656
6034,656
6036,594
6035,655
6045,561
6046,561
6047,561
6048,561
6052,561
6054,561
6053,561
6055,561
6056,503
6057,503
6060,561
6061,561
6062,561
6063,558
6064,558
6066,558
6065,558
6067,558
6068,558
6069,558
6070,558
6071,558
6072,558
6073,558
6074,558
6075,558
6076,558
6077,558
6078,558
6107,557
6124,482
6126,482
6125,482
6156,482
6158,482
6159,482
6160,482
6162,503
6161,482
6163,503
6164,503
6168,476
6169,476
6170,479
6171,479
6172,476
6174,487
6173,487
6175,487
6176,479
6182,482
6183,492
6193,487
6194,487
6195,487
6196,487
6197,487
6198,487
6199,487
6212,503
6216,512
6245,503
6253,514
6271,514
6281,501
6288,503
6289,503
6294,503
6330,514
6339,512
6613,529
6701,544
6702,544
6703,544
6704,544
6705,555
6706,550
6707,561
6708,561
6710,557
6712,561
6714,561
6713,561
6715,561
6716,561
6717,561
6718,561
6719,561
6720,561
6723,555
6724,555
6727,594
6729,653
6728,636
6730,575
6731,575
6732,575
6733,674
6734,635
6735,635
6736,611
6737,653
6738,668
6739,608
6740,611
6741,608
6742,668
6743,635
6744,634
6745,594
6746,623
6747,635
6748,615
6749,656
6750,668
6751,608
6752,635
6753,635
6755,599
6754,655
6756,664
6757,655
6758,594
6759,681
6760,635
6761,635
6762,635
6763,635
6764,635
6765,611
6766,613
6768,615
6767,653
6771,650
6770,648
6772,648
6773,648
6774,655
6775,664
6776,650
6777,648
6779,653
6778,655
6780,653
6781,653
6782,653
6783,655
6784,655
6785,655
6786,655
6787,655
6788,655
6789,655
6790,655
6791,656
6792,656
6793,660
6794,660
6795,668
6796,668
6797,668
6798,611
17,688
18,688
19,688
20,688
21,688
22,689
23,689
24,689
25,689
26,689
27,690
28,690
29,690
30,690
31,690
32,691
33,691
34,691
35,691
36,691
42,692
43,692
44,692
45,692
46,692
90,693
91,694
92,694
93,695
94,695
95,696
96,696
97,696
98,696
99,696
100,697
101,698
102,698
103,698
104,698
155,699
156,699
157,699
158,699
159,699
170,700
171,701
172,700
173,702
174,702
185,703
186,703
187,703
188,703
189,703
190,704
191,704
192,704
193,704
194,704
219,705
221,705
222,705
223,705
262,706
263,707
264,706
265,708
266,708
272,709
273,709
275,709
274,709
276,709
287,710
288,710
289,710
290,710
291,710
292,711
293,712
294,713
295,713
296,713
297,714
298,714
299,714
300,715
301,715
307,716
308,716
309,716
310,717
311,716
312,718
313,718
314,719
315,720
316,721
317,722
318,722
319,722
320,722
321,722
327,723
328,723
329,723
330,723
331,723
342,724
343,724
344,724
345,724
346,724
428,725
429,725
430,725
431,725
432,725
433,726
434,726
435,726
436,726
437,726
448,727
449,727
450,727
451,727
452,728
458,729
459,729
460,729
461,729
462,729
463,730
464,730
465,730
466,730
467,730
468,731
469,731
470,731
471,731
472,731
501,732
502,733
503,733
504,733
505,733
526,734
527,735
528,735
529,735
530,735
531,736
532,737
533,736
534,737
535,738
575,739
576,739
577,739
578,739
579,739
585,740
586,740
587,740
588,740
589,740
622,741
623,741
624,741
625,741
626,741
628,742
629,742
630,742
631,742
632,743
633,744
634,744
635,745
636,745
637,746
641,747
642,748
643,747
644,747
645,747
676,688
677,688
678,688
679,688
680,688
681,688
682,749
683,749
684,749
685,749
686,749
687,749
688,750
689,750
690,750
691,750
692,750
693,750
694,750
860,751
861,751
862,751
863,751
864,751
897,752
898,752
899,752
900,752
901,752
1295,692
1296,692
1297,692
1298,692
1299,692
1300,692
1301,692
1302,692
1303,692
1304,692
1305,692
1306,692
1307,692
1308,692
1310,692
1309,692
1311,753
1312,753
1313,753
1315,691
1316,753
1318,754
1319,754
1320,755
1331,690
1332,756
1333,756
1334,756
1335,756
1336,756
1337,756
1338,756
1339,756
1340,756
1341,756
1342,756
1343,756
1344,756
1345,756
1346,756
1347,756
1348,756
1349,756
1386,753
1387,753
1390,754
1389,753
1391,754
1392,691
1393,753
1395,754
1396,757
1397,754
1398,756
1399,757
1400,753
1401,755
1402,757
1403,691
1405,753
1406,689
1407,689
1408,689
1409,689
1410,689
1411,758
1412,689
1413,689
1414,758
1415,758
1416,758
1417,758
1418,758
1419,758
1420,758
1421,758
1422,758
1423,758
1424,758
1425,753
1427,750
1428,756
1429,753
1430,759
1431,753
1433,755
1434,757
1436,754
1437,753
1438,759
1440,756
1441,756
1443,755
1442,753
1444,759
1445,755
1446,753
1448,753
1447,759
1449,755
1450,759
1451,757
1452,755
1454,753
1457,691
1456,759
1458,757
1460,755
1461,754
1462,753
1464,757
1466,757
1468,691
1469,691
1470,754
1471,754
1472,754
1473,754
1474,757
1475,755
1476,755
1477,755
1478,760
1479,753
1481,753
1483,757
1484,753
1485,753
1486,753
1498,761
1500,755
1515,753
1529,753
1531,753
1532,753
1539,751
1544,756
1545,757
1560,757
1559,753
1564,748
1570,762
1579,762
1615,697
1616,697
1617,697
1618,697
1619,697
1620,697
1621,763
1622,763
1623,763
1624,763
1625,763
1626,764
1627,764
1628,765
1630,697
1629,765
1631,763
1632,765
1633,763
1634,696
1635,766
1636,766
1637,766
1638,766
1639,766
1640,766
1641,767
1642,767
1643,767
1644,767
1645,767
1646,767
1647,768
1648,768
1649,768
1650,769
1651,769
1652,769
1654,740
1655,740
1656,740
1657,740
1658,770
1659,770
1660,770
1661,770
1662,770
1663,770
1664,771
1665,771
1666,771
1667,771
1668,771
1669,771
1670,771
1671,771
1672,771
1673,695
1674,772
1675,772
1676,693
1677,693
1678,693
1679,693
1680,693
1681,693
1682,693
1683,693
1684,693
1685,693
1686,693
1687,694
1688,694
1689,694
1690,694
1691,694
1692,773
1693,774
1695,764
1697,702
1702,775
1703,776
1706,765
1708,777
1709,704
1713,763
1716,774
1719,774
1720,778
1722,700
1725,701
1726,702
1729,774
1731,699
1735,765
1736,764
1737,763
1738,764
1739,702
1743,776
1744,779
1746,780
1748,774
1749,764
1750,763
1751,781
1752,781
1753,765
1754,764
1755,781
1756,763
1757,763
1758,781
1759,765
1760,765
1761,781
1762,765
1765,764
1767,763
1768,763
1769,768
1770,768
1771,766
1772,769
1773,765
1774,769
1775,767
1776,698
1777,764
1781,700
1799,763
1802,701
1804,702
1808,774
1809,774
1811,775
1812,700
1813,778
1814,778
1815,703
1816,702
1817,763
1823,764
1912,764
1953,765
1955,781
1971,765
1998,764
2010,765
2030,699
2031,699
2032,699
2033,699
2034,699
2035,699
2036,774
2037,774
2038,774
2039,774
2040,774
2041,774
2042,700
2043,700
2044,701
2045,700
2046,700
2047,700
2048,700
2049,700
2050,700
2051,700
2053,700
2052,700
2054,702
2055,702
2056,704
2057,704
2058,782
2059,782
2060,782
2061,782
2062,782
2063,782
2064,782
2086,703
2087,703
2088,703
2089,783
2090,783
2091,783
2092,783
2094,779
2093,783
2095,783
2096,779
2097,783
2098,783
2099,783
2100,779
2101,779
2102,779
2140,705
2141,705
2142,705
2143,778
2144,778
2145,778
2146,778
2148,778
2147,778
2149,778
2150,778
2151,778
2155,784
2157,777
2159,702
2162,700
2163,779
2164,785
2166,780
2165,784
2167,786
2168,777
2170,784
2171,785
2172,778
2173,785
2174,778
2175,780
2178,701
2177,786
2180,786
2181,778
2183,777
2185,778
2187,777
2188,775
2189,778
2193,701
2195,780
2196,778
2202,786
2201,780
2204,786
2205,780
2206,778
2207,777
2208,780
2209,784
2210,780
2211,785
2213,778
2215,773
2216,702
2218,773
2219,785
2221,776
2223,787
2225,787
2226,702
2227,775
2230,773
2231,775
2233,787
2242,776
2244,776
2248,775
2252,788
2254,773
2256,775
2258,783
2259,702
2261,778
2262,774
2264,773
2265,786
2270,778
2271,778
2274,789
2273,783
2275,789
2276,777
2279,788
2281,777
2282,775
2283,780
2284,790
2285,790
2286,790
2287,790
2288,790
2289,790
2290,790
2291,790
2292,790
2293,790
2294,790
2295,790
2326,708
2327,708
2328,706
2329,707
2330,707
2331,708
2332,707
2334,707
2333,707
2335,706
2336,706
2337,791
2338,791
2339,791
2340,791
2341,706
2342,708
2343,706
2344,706
2345,709
2346,709
2347,709
2348,709
2349,709
2350,792
2351,792
2352,792
2353,792
2354,792
2355,792
2356,792
2357,792
2358,792
2359,792
2360,792
2361,792
2362,792
2363,792
2430,714
2431,714
2432,714
2433,714
2434,714
2435,714
2436,714
2437,714
2438,715
2439,715
2440,793
2441,793
2442,794
2443,794
2444,794
2445,794
2446,793
2447,794
2448,794
2449,794
2450,794
2451,794
2452,794
2454,794
2453,794
2455,795
2456,793
2457,793
2458,793
2459,796
2460,796
2461,796
2462,796
2463,711
2464,797
2466,712
2465,796
2467,797
2468,797
2469,711
2470,711
2471,712
2472,712
2473,798
2474,799
2475,798
2476,800
2477,801
2494,723
2495,723
2496,723
2497,723
2498,723
2499,723
2500,723
2502,723
2501,723
2503,723
2504,723
2505,723
2506,723
2507,723
2508,723
2509,723
2510,723
2511,723
2512,723
2514,721
2513,721
2515,718
2516,718
2517,718
2518,718
2519,721
2520,721
2521,721
2522,721
2523,721
2524,718
2525,719
2526,802
2527,719
2528,803
2529,803
2530,803
2531,719
2594,722
2595,722
2596,722
2597,804
2598,804
2599,805
2600,805
2601,804
2602,804
2603,804
2604,806
2605,806
2606,806
2607,806
2608,807
2610,806
2609,807
2611,806
2612,806
2613,716
2614,716
2615,716
2616,716
2617,716
2618,717
2619,716
2620,716
2621,717
2622,716
2623,716
2624,716
2625,716
2626,716
2627,716
2628,716
2629,716
2630,716
2631,717
2635,724
2636,724
2637,724
2639,808
2638,808
2640,808
2641,808
2642,808
2643,808
2644,808
2645,808
2646,808
2647,808
2648,808
2649,808
2650,808
2651,808
2652,809
2653,809
2654,810
2655,713
2658,811
2660,812
2659,791
2661,813
2662,801
2663,708
2667,814
2668,815
2670,800
2669,707
2671,816
2672,708
2673,794
2677,792
2678,719
2679,815
2680,815
2681,814
2682,814
2685,817
2686,792
2687,814
2688,815
2689,818
2690,723
2691,819
2692,820
2693,795
2694,820
2696,815
2697,815
2700,803
2698,815
2699,813
2701,821
2702,723
2703,811
2704,822
2705,815
2706,797
2707,794
2708,823
2709,815
2711,824
2710,713
2713,815
2715,802
2716,814
2717,796
2718,814
2719,810
2720,719
2721,825
2724,824
2726,708
2727,822
2728,817
2730,824
2729,716
2731,821
2732,813
2733,816
2734,716
2736,799
2739,815
2740,815
2742,711
2741,791
2743,795
2744,825
2745,817
2747,826
2748,815
2749,707
2750,816
2751,802
2752,803
2753,817
2754,827
2755,800
2757,819
2760,828
2759,797
2761,723
2762,815
2763,829
2764,825
2766,819
2767,819
2769,811
2771,795
2773,825
2774,795
2775,824
2776,817
2778,830
2779,806
2780,799
2783,820
2785,814
2786,824
2787,719
2790,809
2791,795
2792,825
2793,822
2794,829
2795,792
2796,794
2798,815
2799,819
2802,719
2804,791
2805,797
2806,823
2807,831
2808,812
2809,824
2810,809
2811,815
2813,815
2814,831
2815,826
2816,719
2817,810
2818,813
2819,719
2820,814
2821,712
2823,822
2824,723
2826,818
2825,800
2827,814
2828,791
2829,832
2830,823
2832,819
2831,823
2833,818
2835,833
2838,834
2837,820
2839,799
2840,720
2841,821
2842,815
2843,719
2844,794
2845,825
2846,822
2847,716
2848,814
2850,815
2849,815
2851,810
2852,817
2853,712
2854,813
2856,818
2857,797
2858,711
2859,814
2860,815
2861,825
2862,791
2863,827
2864,706
2866,817
2867,716
2868,814
2869,825
2871,816
2872,832
2874,821
2873,822
2875,796
2876,821
2877,811
2878,825
2880,817
2879,814
2881,805
2882,826
2883,813
2884,812
2886,819
2885,814
2888,795
2889,815
2890,823
2892,811
2891,799
2893,795
2894,817
2895,723
2896,815
2897,814
2898,824
2899,825
2901,825
2902,805
2903,817
2905,815
2906,825
2907,796
2908,812
2909,833
2910,809
2912,819
2915,719
2916,723
2917,810
2919,832
2924,801
2925,719
2922,795
2920,711
2921,819
2923,833
2926,713
2928,818
2927,713
2929,802
2930,817
2934,811
2933,796
2935,832
2938,829
2939,825
2940,805
2941,707
2942,822
2943,813
2944,802
2945,801
2946,825
2947,814
2948,814
2949,799
2950,814
2951,801
2952,797
2953,815
2954,707
2955,827
2956,814
2957,802
2958,815
2959,813
2960,827
2961,826
2962,835
2963,817
2964,812
2965,835
2966,815
2967,811
2968,817
2969,796
2970,817
2972,711
2973,835
2974,836
2975,835
2976,836
2977,805
2978,821
2979,805
2980,836
2982,825
2981,817
2983,793
2984,794
2986,814
2987,711
2988,825
2989,795
2990,797
2991,831
2992,810
2993,716
2994,818
2995,720
2996,815
2997,822
2998,815
2999,814
3000,720
3001,795
3002,806
3003,799
3004,814
3005,719
3006,707
3007,826
3008,811
3009,817
3010,818
3011,796
3012,711
3013,817
3014,822
3015,821
3016,794
3018,811
3017,801
3020,821
3021,803
3022,800
3023,801
3024,813
3025,833
3026,795
3027,707
3028,803
3030,815
3029,814
3032,837
3033,709
3034,792
3035,814
3036,825
3037,798
3038,815
3039,708
3040,814
3044,720
3045,815
3046,711
3047,815
3048,835
3049,832
3050,811
3051,815
3052,814
3053,811
3178,725
3179,725
3180,725
3181,725
3182,725
3183,725
3184,725
3186,838
3185,838
3188,838
3187,838
3189,838
3190,838
3191,838
3192,838
3193,838
3194,838
3195,838
3196,838
3198,728
3197,728
3199,728
3200,728
3201,728
3202,728
3203,728
3204,839
3205,839
3206,840
3207,840
3208,840
3209,840
3210,840
3211,840
3212,840
3213,840
3214,840
3215,840
3216,729
3217,729
3218,729
3219,841
3220,841
3221,841
3222,841
3224,841
3223,841
3225,841
3226,841
3227,841
3228,841
3229,841
3230,841
3231,841
3232,841
3233,841
3234,841
3254,730
3255,730
3256,730
3258,730
3257,730
3260,730
3259,730
3261,730
3262,730
3263,730
3264,730
3265,730
3266,730
3267,730
3268,730
3269,730
3270,730
3271,842
3272,842
3273,731
3274,731
3275,731
3276,731
3277,731
3278,731
3279,731
3280,731
3281,731
3282,731
3283,731
3284,731
3285,731
3286,731
3287,731
3288,843
3289,843
3290,843
3291,843
3292,726
3294,726
3293,726
3295,726
3296,726
3297,726
3298,726
3299,726
3300,844
3301,844
3302,844
3303,844
3304,844
3305,845
3306,845
3307,845
3308,845
3309,845
3310,846
3326,741
3327,741
3328,847
3329,848
3330,849
3331,850
3332,851
3333,852
3334,842
3335,843
3336,853
3353,850
3354,850
3355,854
3356,855
3357,855
3358,853
3360,850
3359,846
3361,841
3362,850
3363,856
3364,847
3366,850
3365,857
3367,842
3368,841
3369,851
3370,843
3371,852
3372,849
3373,857
3374,849
3375,858
3376,858
3378,854
3377,849
3379,850
3380,848
3381,849
3382,857
3383,847
3384,852
3385,859
3386,860
3387,849
3388,841
3389,850
3390,841
3391,842
3392,849
3393,842
3394,842
3395,852
3396,849
3398,843
3399,861
3400,842
3401,850
3402,862
3404,850
3403,849
3405,843
3406,850
3407,859
3408,863
3409,862
3410,852
3411,856
3412,842
3414,864
3413,849
3415,852
3416,850
3417,841
3418,865
3419,850
3420,841
3421,852
3422,848
3423,866
3424,858
3425,856
3426,850
3427,867
3428,842
3429,854
3431,842
3432,852
3430,862
3433,868
3434,850
3435,849
3436,850
3438,842
3437,841
3440,842
3439,849
3441,842
3442,869
3443,848
3444,841
3445,847
3446,850
3447,862
3448,849
3449,857
3450,841
3451,852
3452,850
3453,852
3454,852
3455,854
3456,852
3457,841
3458,854
3459,841
3460,852
3461,842
3462,870
3463,865
3464,843
3465,849
3466,848
3467,842
3468,856
3469,854
3470,841
3471,842
3472,850
3473,841
3474,850
3475,842
3476,850
3477,841
3478,852
3479,852
3480,842
3481,842
3482,871
3483,847
3484,850
3485,872
3486,849
3487,856
3488,852
3489,842
3490,842
3491,849
3492,849
3493,852
3494,842
3495,865
3496,852
3498,842
3497,868
3499,867
3500,859
3501,841
3502,842
3503,843
3504,852
3505,852
3506,852
3507,867
3509,850
3508,870
3510,849
3511,868
3513,852
3512,849
3515,854
3516,841
3514,862
3517,857
3518,842
3519,855
3520,855
3521,871
3522,860
3523,843
3524,873
3525,856
3526,841
3527,874
3528,850
3529,869
3530,867
3531,859
3532,841
3534,842
3533,849
3536,852
3535,849
3537,852
3538,850
3539,875
3540,860
3541,847
3542,841
3543,852
3544,849
3545,840
3546,869
3547,847
3548,865
3549,850
3550,841
3551,850
3552,853
3553,862
3554,842
3555,841
3556,842
3558,854
3557,841
3559,854
3560,860
3561,850
3562,852
3563,852
3564,841
3565,875
3566,865
3567,862
3568,849
3569,842
3570,850
3571,847
3572,841
3573,841
3574,850
3575,852
3576,842
3577,852
3578,842
3579,849
3580,852
3582,842
3581,852
3584,852
3583,849
3585,850
3587,873
3586,852
3588,841
3589,849
3590,841
3591,841
3592,852
3594,850
3593,850
3595,850
3596,841
3597,852
3598,850
3599,852
3600,852
3601,842
3603,841
3602,846
3604,868
3606,854
3605,847
3607,841
3608,850
3609,852
3610,849
3611,862
3612,866
3613,847
3614,850
3615,848
3616,842
3617,871
3618,852
3619,842
3620,850
3621,843
3624,842
3623,852
3622,849
3625,850
3626,868
3627,851
3628,850
3630,850
3629,852
3631,841
3632,876
3633,852
3634,841
3635,848
3636,846
3637,841
3638,855
3639,842
3640,855
3642,842
3641,843
3643,871
3644,848
3645,854
3646,850
3647,849
3648,849
3649,841
3650,850
3651,850
3652,850
3654,852
3653,842
3655,852
3656,852
3657,852
3658,854
3659,857
3660,850
3661,850
3662,841
3663,849
3664,842
3665,849
3666,849
3684,733
3685,877
3686,877
3687,732
3688,732
3690,733
3689,732
3691,733
3692,733
3693,877
3694,877
3695,877
3696,877
3697,877
3698,877
3699,733
3700,878
3702,878
3701,878
3744,734
3745,734
3746,734
3747,734
3748,734
3749,734
3750,734
3751,734
3752,735
3753,735
3754,735
3755,735
3756,734
3757,735
3758,735
3759,735
3760,734
3762,734
3761,734
3778,879
3779,879
3780,880
3781,880
3782,881
3783,882
3784,880
3832,739
3833,739
3834,739
3835,739
3836,739
3837,739
3838,739
3839,739
3840,739
3841,739
3842,739
3843,739
3844,739
3845,739
3846,739
3847,739
3848,739
3849,739
3850,883
3881,884
3884,884
3889,883
3890,877
3891,884
3893,885
3897,884
3898,883
3900,886
3901,878
3902,886
3905,885
3907,884
3908,886
3909,887
3911,884
3912,886
3913,886
3916,735
3917,878
3918,886
3920,883
3923,883
3922,887
3924,885
3925,887
3926,887
3929,739
3930,732
3931,739
3932,732
3934,732
3935,739
3936,883
3937,883
3938,885
3939,883
3940,887
3942,884
3943,884
3947,886
3948,883
3950,887
3951,887
3952,887
3954,883
3957,883
3959,887
3960,732
3961,733
3962,883
3963,884
3965,883
3966,884
3968,735
3969,883
3971,884
3973,884
3975,878
3976,885
3978,878
3980,883
3993,888
3996,734
3995,735
3997,734
3998,734
3999,734
4000,734
4001,734
4003,883
4006,885
4008,734
4009,734
4010,734
4011,734
4012,734
4022,887
4023,732
4025,887
4029,770
4034,889
4035,771
4036,771
4039,890
4041,891
4046,892
4047,893
4050,740
4051,890
4053,890
4055,771
4056,890
4060,894
4062,891
4064,890
4065,894
4066,895
4068,896
4069,740
4070,892
4071,895
4089,893
4090,893
4091,770
4092,892
4093,896
4094,895
4095,889
4096,894
4097,740
4099,740
4100,889
4102,771
4103,895
4104,894
4105,770
4106,890
4107,893
4108,889
4110,889
4109,770
4112,740
4113,891
4114,892
4116,896
4117,893
4118,896
4119,771
4120,771
4121,740
4124,890
4125,894
4126,890
4129,890
4127,892
4130,890
4131,740
4132,895
4134,740
4136,740
4137,896
4139,894
4140,771
4141,771
4142,771
4144,891
4146,894
4145,890
4147,890
4148,894
4149,740
4150,889
4152,740
4153,891
4154,892
4155,891
4158,740
4160,740
4161,770
4162,771
4195,743
4196,743
4197,743
4198,897
4199,897
4200,897
4201,897
4202,898
4203,898
4204,898
4205,898
4206,899
4207,899
4209,899
4208,899
4210,900
4211,900
4212,900
4213,900
4214,901
4215,902
4216,746
4217,746
4218,903
4219,903
4220,901
4221,746
4222,904
4223,903
4224,903
4225,902
4226,904
4230,888
4233,888
4239,753
4242,808
4243,809
4283,751
4284,751
4285,751
4286,751
4287,751
4288,905
4289,905
4290,905
4291,905
4292,905
4293,905
4294,905
4295,905
4316,906
4432,761
4447,906
4585,906
4716,761
4752,761
4780,761
4786,906
4794,752
4815,752
5003,761
5337,752
5338,906
5339,906
5340,906
5341,906
5342,761
5343,761
5631,907
5651,907
5667,907
5958,809
5959,842
5961,759
5962,759
5963,759
5964,759
5965,759
5966,759
5967,759
5968,759
5969,759
5970,759
5971,759
5972,759
5973,759
5974,759
5985,756
5993,907
6000,758
6001,758
6037,849
6038,849
6039,789
6040,836
6042,857
6041,822
6043,854
6044,849
6049,842
6050,842
6051,842
6059,850
6058,815
6079,892
6080,896
6081,740
6082,740
6083,890
6084,892
6085,740
6086,889
6087,890
6088,890
6090,890
6089,740
6091,890
6092,890
6093,770
6094,895
6095,770
6096,896
6097,890
6098,770
6099,771
6100,895
6102,770
6101,771
6103,891
6104,890
6105,893
6106,896
6108,892
6109,771
6110,740
6111,895
6112,771
6113,894
6114,771
6115,890
6116,893
6117,896
6118,771
6119,895
6120,771
6121,892
6122,771
6123,788
6129,890
6127,777
6128,774
6130,890
6131,890
6132,890
6133,889
6134,889
6135,891
6136,891
6137,740
6138,740
6139,740
6140,740
6141,892
6143,892
6142,892
6144,892
6145,893
6146,896
6147,896
6148,896
6149,894
6150,894
6151,740
6152,771
6153,740
6154,740
6155,786
6157,777
6165,850
6166,850
6167,841
6177,789
6178,783
6179,789
6180,783
6181,789
6184,700
6186,700
6185,700
6187,773
6188,773
6189,773
6190,702
6191,702
6192,702
6200,815
6201,815
6202,815
6204,854
6203,815
6205,794
6206,717
6207,806
6208,822
6210,825
6209,814
6211,817
6213,813
6215,837
6214,816
6217,837
6218,809
6219,837
6220,708
6222,814
6221,837
6223,837
6224,825
6225,837
6226,832
6227,809
6228,797
6229,817
6230,712
6231,828
6232,719
6233,816
6234,834
6235,811
6236,815
6237,817
6238,815
6239,825
6240,833
6241,815
6242,809
6243,799
6244,796
6246,833
6247,814
6248,796
6249,791
6250,708
6251,814
6252,795
6254,813
6255,801
6256,805
6257,720
6258,815
6259,815
6260,813
6261,814
6262,814
6263,798
6264,798
6265,815
6266,798
6267,824
6268,814
6269,792
6270,813
6272,824
6273,822
6274,794
6275,811
6276,825
6277,827
6278,810
6279,821
6280,796
6282,815
6283,796
6284,824
6285,825
6286,818
6287,818
6290,814
6291,815
6292,837
6293,720
6295,814
6296,809
6297,815
6299,820
6298,820
6300,820
6301,815
6302,828
6303,815
6304,815
6306,815
6305,815
6307,817
6308,797
6309,712
6310,826
6311,797
6312,832
6313,819
6314,823
6315,832
6316,811
6318,802
6317,825
6319,798
6320,713
6328,720
6329,817
6331,815
6332,815
6333,815
6334,815
6335,837
6336,837
6337,837
6338,837
6340,814
6342,825
6341,814
6343,814
6344,908
6345,814
6346,815
6347,908
6348,808
6349,836
6350,908
6351,820
6352,828
6354,815
6353,814
6355,814
6356,814
6357,815
6358,821
6359,821
6360,808
6361,808
6362,808
6363,808
6364,809
6365,809
6366,809
6367,809
6368,809
6369,809
6390,842
6391,842
6392,849
6393,849
6394,849
6396,849
6395,849
6397,849
6398,849
6399,849
6400,849
6401,849
6402,849
6403,863
6404,863
6405,863
6406,863
6407,863
6408,858
6409,858
6410,858
6411,866
6412,866
6414,872
6413,866
6415,872
6416,872
6417,872
6418,849
6419,849
6420,849
6421,849
6422,849
6423,849
6424,849
6426,849
6425,849
6427,849
6428,849
6429,859
6431,869
6430,870
6432,854
6433,848
6434,852
6435,854
6436,842
6437,851
6438,870
6439,871
6440,852
6441,854
6442,875
6443,854
6444,860
6445,852
6446,841
6447,857
6448,850
6449,854
6450,848
6451,842
6452,861
6453,842
6454,860
6455,855
6456,850
6457,852
6458,850
6459,850
6460,841
6461,852
6462,841
6463,841
6464,852
6465,850
6466,852
6467,841
6468,852
6469,852
6470,841
6471,841
6472,841
6473,873
6474,873
6475,852
6476,850
6477,852
6478,842
6479,857
6480,842
6481,852
6482,841
6483,854
6484,852
6485,864
6486,864
6487,864
6488,840
6489,840
6490,874
6491,874
6492,874
6493,874
6494,874
6495,874
6496,876
6498,876
6497,876
6499,876
6500,876
6501,876
6502,850
6503,852
6504,851
6505,869
6506,848
6507,869
6508,848
6510,852
6509,855
6511,875
6512,848
6513,869
6514,841
6515,854
6516,867
6517,843
6518,848
6519,847
6520,842
6521,861
6522,847
6523,861
6524,875
6525,841
6526,857
6527,847
6528,852
6529,859
6530,852
6531,860
6532,842
6534,843
6533,865
6535,853
6536,843
6537,850
6538,852
6539,850
6540,850
6541,865
6542,850
6543,873
6544,854
6546,855
6545,848
6547,875
6548,865
6549,856
6550,847
6551,869
6552,848
6553,847
6554,859
6555,847
6556,852
6558,841
6557,850
6559,875
6560,842
6561,873
6562,861
6563,843
6564,853
6565,855
6566,842
6567,869
6568,841
6570,852
6569,850
6571,852
6572,852
6573,850
6574,850
6576,861
6575,850
6577,861
6578,861
6579,850
6580,850
6581,850
6582,850
6583,850
6584,850
6585,841
6586,841
6587,841
6588,841
6589,841
6590,841
6591,841
6592,841
6593,841
6594,841
6595,852
6596,852
6597,852
6598,852
6599,852
6600,852
6601,852
6602,850
6603,850
6604,873
6605,842
6606,852
6607,852
6608,841
6609,852
6610,852
6611,850
6612,854
6614,851
6615,868
6616,847
6617,847
6618,847
6619,847
6620,847
6621,847
6622,847
6623,847
6624,856
6625,856
6626,856
6627,842
6628,842
6630,842
6629,842
6631,842
6632,871
6633,871
6634,853
6635,842
6636,842
6637,847
6638,847
6639,847
6640,875
6641,842
6642,843
6643,865
6644,857
6645,875
6646,848
6648,868
6647,862
6649,859
6650,867
6651,851
6652,851
6653,873
6654,848
6655,867
6656,867
6657,867
6658,867
6659,867
6660,868
6661,868
6662,868
6663,868
6664,868
6665,854
6666,843
6667,843
6668,843
6669,843
6670,843
6671,843
6672,865
6673,865
6674,865
6675,875
6676,875
6678,860
6677,875
6679,860
6680,860
6681,860
6682,860
6683,859
6684,859
6685,859
6686,859
6687,857
6688,869
6690,869
6689,869
6691,855
6692,855
6693,870
6694,870
6695,870
6696,862
6697,862
6698,846
6700,883
